﻿<?xml version="1.0" encoding="utf-8" ?>

<MainMenu>
  <SuperAdmin>
    <Group Text="NADZOR" font="bold" align="center" ImageUrl="~/Images/Arrow-right.png">
      <Link NavigateUrl="~/Home.aspx" Text="Nadzorna plošča" ImageUrl="~/Images/dashboard.png" />
    </Group>
    <Group Text="ODPOKLIC" font="bold" align="center" ImageUrl="~/Images/Arrow-right.png">
      <Link NavigateUrl="~/Pages/Recall/Recall.aspx" Text="Pregled" ImageUrl="~/Images/inspect.png" />
      <Link NavigateUrl="~/Pages/Recall/RecallTakeOverOnly.aspx" Text="Prevzeti odpoklici" ImageUrl="~/Images/takeOverInspect.png" />
      <Link NavigateUrl="~/Pages/Recall/OrderNOZPDO.aspx" Text="Nov odpoklic" ImageUrl="~/Images/addnewMenu.png" />
      <Link NavigateUrl="~/Pages/Recall/Order.aspx" Text="Nov odpoklic - Stara Verzija" ImageUrl="~/Images/addnewMenu.png" />
    </Group>
    <Group Text="TRANSPORT" font="bold" align="center" ImageUrl="~/Images/Arrow-right.png">
      <Link NavigateUrl="~/Pages/Tender/Tender.aspx" Text="Pregled" ImageUrl="~/Images/inspect.png" />
      <Link NavigateUrl="~/Pages/Tender/SendTender.aspx" Text="Razpis" ImageUrl="~/Images/tender.png" />
    </Group>
    <Group Text="ŠIFRANTI" font="bold" align="center" ImageUrl="~/Images/Arrow-right.png">
      <Link NavigateUrl="~/Pages/BasicCodeList/Route/Route.aspx" Text="Relacije" ImageUrl="~/Images/inspect.png" />
      <Link NavigateUrl="~/Pages/Client/Client.aspx" Text="Prevozniki, dobavitelji" ImageUrl="~/Images/inspect.png" />
      <Link NavigateUrl="~/Pages/BasicCodeList/TransportType/TransportType.aspx" Text="Tip prevoza" ImageUrl="~/Images/transportType.png" />
    </Group>

    <Group Text="OSTALO" font="bold" align="center" ImageUrl="~/Images/Arrow-right.png">
      <Link NavigateUrl="~/Pages/Statistic/RoutesTransportersRecalls.aspx" Text="Odpoklici-podatki" ImageUrl="~/Images/odpokliciPodatki.png" />
      <Link NavigateUrl="~/Pages/Statistic/CarrierAndRoutesPricing.aspx" Text="Pregled prevoznikov in cen" ImageUrl="~/Images/carriersPrice.png" />
      <!--<Link NavigateUrl="~/Pages/TicketSystem/Tickets.aspx" Text="Oddaj težavo" ImageUrl="~/Images/inspect.png" />-->
      <Link NavigateUrl="~/Pages/Admin/AdminOverview.aspx" Text="Admin" ImageUrl="~/Images/adminPage.png" />
    </Group>
  </SuperAdmin>

  <Admin>
    <Group Text="NADZOR" font="bold" align="center" ImageUrl="~/Images/Arrow-right.png">
      <Link NavigateUrl="~/Home.aspx" Text="Nadzorna plošča" ImageUrl="~/Images/dashboard.png" />
    </Group>
    <Group Text="ODPOKLIC" font="bold" align="center" ImageUrl="~/Images/Arrow-right.png">
      <Link NavigateUrl="~/Pages/Recall/Recall.aspx" Text="Pregled" ImageUrl="~/Images/inspect.png" />
      <Link NavigateUrl="~/Pages/Recall/RecallTakeOverOnly.aspx" Text="Prevzeti odpoklici" ImageUrl="~/Images/takeOverInspect.png" />
      <!--<Link NavigateUrl="~/Pages/Recall/Order.aspx" Text="Nov odpoklic" ImageUrl="~/Images/addnewMenu.png" />-->
      <Link NavigateUrl="~/Pages/Recall/OrderNOZPDO.aspx" Text="Nov odpoklic" ImageUrl="~/Images/addnewMenu.png" />
    </Group>
    <Group Text="TRANSPORT" font="bold" align="center" ImageUrl="~/Images/Arrow-right.png">
      <Link NavigateUrl="~/Pages/Tender/Tender.aspx" Text="Pregled" ImageUrl="~/Images/inspect.png" />
      <Link NavigateUrl="~/Pages/Tender/SendTender.aspx" Text="Razpis" ImageUrl="~/Images/tender.png" />
    </Group>
    <Group Text="ŠIFRANTI" font="bold" align="center" ImageUrl="~/Images/Arrow-right.png">
      <Link NavigateUrl="~/Pages/BasicCodeList/Route/Route.aspx" Text="Relacije" ImageUrl="~/Images/inspect.png" />
      <Link NavigateUrl="~/Pages/Client/Client.aspx" Text="Prevozniki, dobavitelji" ImageUrl="~/Images/inspect.png" />
    </Group>
    <Group Text="OSTALO" font="bold" align="center" ImageUrl="~/Images/Arrow-right.png">
      <Link NavigateUrl="~/Pages/Statistic/RoutesTransportersRecalls.aspx" Text="Odpoklici-podatki" ImageUrl="~/Images/odpokliciPodatki.png" />
      <Link NavigateUrl="~/Pages/Statistic/CarrierAndRoutesPricing.aspx" Text="Pregled prevoznikov in cen" ImageUrl="~/Images/carriersPrice.png" />
    </Group>
  </Admin>

  <Leader>
    <Group Text="NADZOR" font="bold" align="center" ImageUrl="~/Images/Arrow-right.png">
      <Link NavigateUrl="~/Home.aspx" Text="Nadzorna plošča" ImageUrl="~/Images/dashboard.png" />
    </Group>
    <Group Text="ODPOKLIC" font="bold" align="center" ImageUrl="~/Images/Arrow-right.png">
      <Link NavigateUrl="~/Pages/Recall/Recall.aspx" Text="Pregled" ImageUrl="~/Images/inspect.png" />
      <Link NavigateUrl="~/Pages/Recall/RecallTakeOverOnly.aspx" Text="Prevzeti odpoklici" ImageUrl="~/Images/takeOverInspect.png" />
      <!--<Link NavigateUrl="~/Pages/Recall/Order.aspx" Text="Nov odpoklic" ImageUrl="~/Images/addnewMenu.png" />-->
      <Link NavigateUrl="~/Pages/Recall/OrderNOZPDO.aspx" Text="Nov odpoklic" ImageUrl="~/Images/addnewMenu.png" />
    </Group>
    <Group Text="TRANSPORT" font="bold" align="center" ImageUrl="~/Images/Arrow-right.png">
      <Link NavigateUrl="~/Pages/Tender/Tender.aspx" Text="Pregled" ImageUrl="~/Images/inspect.png" />
      <Link NavigateUrl="~/Pages/Tender/SendTender.aspx" Text="Razpis" ImageUrl="~/Images/tender.png" />
    </Group>
    <Group Text="ŠIFRANTI" font="bold" align="center" ImageUrl="~/Images/Arrow-right.png">
      <Link NavigateUrl="~/Pages/BasicCodeList/Route/Route.aspx" Text="Relacije" ImageUrl="~/Images/inspect.png" />
      <Link NavigateUrl="~/Pages/Client/Client.aspx" Text="Prevozniki, dobavitelji" ImageUrl="~/Images/inspect.png" />
    </Group>
    <Group Text="OSTALO" font="bold" align="center" ImageUrl="~/Images/Arrow-right.png">
      <Link NavigateUrl="~/Pages/Statistic/RoutesTransportersRecalls.aspx" Text="Odpoklici-podatki" ImageUrl="~/Images/odpokliciPodatki.png" />
      <Link NavigateUrl="~/Pages/Statistic/CarrierAndRoutesPricing.aspx" Text="Pregled prevoznikov in cen" ImageUrl="~/Images/carriersPrice.png" />
    </Group>
  </Leader>

  <Warehouse>
    <Group Text="NADZOR" font="bold" align="center" ImageUrl="~/Images/Arrow-right.png">
      <Link NavigateUrl="~/Home.aspx" Text="Nadzorna plošča" ImageUrl="~/Images/dashboard.png" />
    </Group>
    <Group Text="ODPOKLIC" font="bold" align="center" ImageUrl="~/Images/Arrow-right.png">
      <Link NavigateUrl="~/Pages/Recall/Recall.aspx" Text="Pregled" ImageUrl="~/Images/inspect.png" />
      <Link NavigateUrl="~/Pages/Recall/RecallTakeOverOnly.aspx" Text="Prevzeti odpoklici" ImageUrl="~/Images/takeOverInspect.png" />
      <!--<Link NavigateUrl="~/Pages/Recall/Order.aspx" Text="Nov odpoklic" ImageUrl="~/Images/addnewMenu.png" />-->
      <Link NavigateUrl="~/Pages/Recall/OrderNOZPDO.aspx" Text="Nov odpoklic" ImageUrl="~/Images/addnewMenu.png" />
    </Group>
    <Group Text="TRANSPORT" font="bold" align="center" ImageUrl="~/Images/Arrow-right.png">
      <Link NavigateUrl="~/Pages/Tender/Tender.aspx" Text="Pregled" ImageUrl="~/Images/inspect.png" />
      <Link NavigateUrl="~/Pages/Tender/SendTender.aspx" Text="Razpis" ImageUrl="~/Images/tender.png" />
    </Group>
    <Group Text="OSTALO" font="bold" align="center" ImageUrl="~/Images/Arrow-right.png">
      <Link NavigateUrl="~/Pages/Statistic/RoutesTransportersRecalls.aspx" Text="Odpoklici-podatki" ImageUrl="~/Images/odpokliciPodatki.png" />
      <Link NavigateUrl="~/Pages/Statistic/CarrierAndRoutesPricing.aspx" Text="Pregled prevoznikov in cen" ImageUrl="~/Images/carriersPrice.png" />
    </Group>
  </Warehouse>

  <Logistics>
    <Group Text="NADZOR" font="bold" align="center" ImageUrl="~/Images/Arrow-right.png">
      <Link NavigateUrl="~/Home.aspx" Text="Nadzorna plošča" ImageUrl="~/Images/dashboard.png" />
    </Group>
    <Group Text="ODPOKLIC" font="bold" align="center" ImageUrl="~/Images/Arrow-right.png">
      <Link NavigateUrl="~/Pages/Recall/Recall.aspx" Text="Pregled" ImageUrl="~/Images/inspect.png" />
      <Link NavigateUrl="~/Pages/Recall/RecallTakeOverOnly.aspx" Text="Prevzeti odpoklici" ImageUrl="~/Images/takeOverInspect.png" />
      <!--<Link NavigateUrl="~/Pages/Recall/Order.aspx" Text="Nov odpoklic" ImageUrl="~/Images/addnewMenu.png" />-->
      <Link NavigateUrl="~/Pages/Recall/OrderNOZPDO.aspx" Text="Nov odpoklic" ImageUrl="~/Images/addnewMenu.png" />
    </Group>
    <Group Text="TRANSPORT" font="bold" align="center" ImageUrl="~/Images/Arrow-right.png">
      <Link NavigateUrl="~/Pages/Tender/Tender.aspx" Text="Pregled" ImageUrl="~/Images/inspect.png" />
      <Link NavigateUrl="~/Pages/Tender/SendTender.aspx" Text="Razpis" ImageUrl="~/Images/tender.png" />
    </Group>
    <Group Text="OSTALO" font="bold" align="center" ImageUrl="~/Images/Arrow-right.png">
      <Link NavigateUrl="~/Pages/Statistic/RoutesTransportersRecalls.aspx" Text="Odpoklici-podatki" ImageUrl="~/Images/odpokliciPodatki.png" />
      <Link NavigateUrl="~/Pages/Statistic/CarrierAndRoutesPricing.aspx" Text="Pregled prevoznikov in cen" ImageUrl="~/Images/carriersPrice.png" />
    </Group>
  </Logistics>
  
  <User>
    <Group Text="NADZOR" font="bold" align="center" ImageUrl="~/Images/Arrow-right.png">
      <Link NavigateUrl="~/Home.aspx" Text="Nadzorna plošča" ImageUrl="~/Images/dashboard.png" />
    </Group>
    <Group Text="OSTALO" font="bold" align="center" ImageUrl="~/Images/Arrow-right.png">
      <Link NavigateUrl="~/Pages/Statistic/RoutesTransportersRecalls.aspx" Text="Odpoklici-podatki" ImageUrl="~/Images/odpokliciPodatki.png" />
      <Link NavigateUrl="~/Pages/Statistic/CarrierAndRoutesPricing.aspx" Text="Pregled prevoznikov in cen" ImageUrl="~/Images/carriersPrice.png" />
    </Group>
  </User>
</MainMenu>
